player,t0,t1,dur,period,play
12,4,64,60,P1,50
12,134,213,79,P1,65
12,360,455,95,P1,43
12,571,712,141,P1,119
12,860,974,114,P1,84
14,4,61,57,P1,50
14,120,237,117,P1,92
14,358,452,94,P1,43
14,563,660,97,P1,81
14,853,926,73,P1,61
14,1030,1131,101,P1,101
18,4,57,53,P1,50
18,148,224,76,P1,76
18,344,445,101,P1,43
18,563,709,146,P1,124
18,924,1057,133,P1,113
33,62,132,70,P1,44
33,236,342,106,P1,90
33,455,538,83,P1,76
33,657,711,54,P1,45
33,845,936,91,P1,69
33,1004,1071,67,P1,67
49,58,141,83,P1,44
49,240,302,62,P1,46
49,443,541,98,P1,79
49,712,856,144,P1,109
49,1011,1131,120,P1,120
61,62,133,71,P1,44
61,217,344,127,P1,110
61,443,559,116,P1,97
61,703,866,163,P1,128
61,972,1131,159,P1,159
69,62,149,87,P1,45
69,217,360,143,P1,110
69,441,575,134,P1,113
69,712,936,224,P1,167
69,1056,1131,75,P1,75
78,4,58,54,P1,50
78,132,252,120,P1,104
78,303,441,138,P1,83
78,539,708,169,P1,147
78,855,1007,152,P1,122
82,4,51,47,P1,47
82,128,218,90,P1,70
82,354,445,91,P1,43
82,537,661,124,P1,107
82,712,847,135,P1,100
82,934,1005,71,P1,61
90,53,128,75,P1,45
90,206,357,151,P1,121
90,443,569,126,P1,107
90,648,850,202,P1,149
90,922,1028,106,P1,84
12,1227,1333,106,P2,82
12,1507,1597,90,P2,80
12,1754,1859,105,P2,89
12,2007,2109,102,P2,102
12,2257,2357,100,P2,63
14,1337,1512,175,P2,175
14,1608,1724,116,P2,98
14,1871,2013,142,P2,122
14,2114,2261,147,P2,147
18,1325,1500,175,P2,175
18,1562,1700,138,P2,99
18,1838,1975,137,P2,112
18,2103,2257,154,P2,154
33,1379,1548,169,P2,169
33,1672,1756,84,P2,79
33,1883,2011,128,P2,120
33,2114,2252,138,P2,138
49,1356,1505,149,P2,149
49,1607,1768,161,P2,125
49,1868,2007,139,P2,116
49,2099,2276,177,P2,177
61,1331,1354,23,P2,23
61,1379,1502,123,P2,123
61,1599,1751,152,P2,125
61,1857,2004,147,P2,122
61,2116,2252,136,P2,136
69,1227,1323,96,P2,72
69,1512,1564,52,P2,52
69,1702,1749,47,P2,47
69,1768,1836,68,P2,66
69,1975,2097,122,P2,122
69,2278,2357,79,P2,44
78,1227,1370,143,P2,119
78,1502,1610,108,P2,85
78,1749,1885,136,P2,98
78,2002,2109,107,P2,107
78,2261,2301,40,P2,15
82,1542,1671,129,P2,90
82,1748,1871,123,P2,99
82,2013,2101,88,P2,88
82,2253,2357,104,P2,67
90,1227,1336,109,P2,85
90,1506,1612,106,P2,81
90,1718,1871,153,P2,129
90,2004,2114,110,P2,110
90,2253,2357,104,P2,67
12,2580,2694,114,P3,75
12,2827,2961,134,P3,88
12,3075,3144,69,P3,18
12,3270,3426,156,P3,101
12,3576,3635,59,P3,32
12,3784,3861,77,P3,47
12,3908,3970,62,P3,54
14,2543,2713,170,P3,114
14,2843,3016,173,P3,135
14,3210,3405,195,P3,123
14,3595,3771,176,P3,77
14,3847,3977,130,P3,78
18,2546,2681,135,P3,109
18,2857,2959,102,P3,86
18,3072,3207,135,P3,74
18,3442,3596,154,P3,141
18,3790,3858,68,P3,47
33,2469,2576,107,P3,105
33,2683,2847,164,P3,115
33,2977,3087,110,P3,57
33,3249,3448,199,P3,101
33,3637,3798,161,P3,71
33,3909,3977,68,P3,61
49,2554,2580,26,P3,26
49,2708,2832,124,P3,115
49,2991,3082,91,P3,43
49,3158,3268,110,P3,88
49,3386,3512,126,P3,90
49,3642,3757,115,P3,64
49,3854,3907,53,P3,17
61,2469,2552,83,P3,81
61,2684,2842,158,P3,115
61,2961,3077,116,P3,73
61,3144,3271,127,P3,95
61,3420,3576,156,P3,121
61,3642,3771,129,P3,64
61,3852,3909,57,P3,17
69,2469,2546,77,P3,75
69,2684,2823,139,P3,112
69,2954,3074,120,P3,80
69,3208,3247,39,P3,38
69,3273,3443,170,P3,101
69,3584,3777,193,P3,88
69,3863,3969,106,P3,70
78,2572,2698,126,P3,83
78,2827,2995,168,P3,122
78,3087,3163,76,P3,30
78,3273,3391,118,P3,73
78,3507,3646,139,P3,101
78,3754,3847,93,P3,47
78,3900,3977,77,P3,61
82,2574,2682,108,P3,81
82,2835,2977,142,P3,104
82,3082,3259,177,P3,113
82,3432,3642,210,P3,153
82,3780,3909,129,P3,64
90,2469,2547,78,P3,76
90,2684,2864,180,P3,115
90,3008,3212,204,P3,105
90,3405,3584,179,P3,143
90,3774,3861,87,P3,47
